center_id,hub_id,center_name,center_segment,center_plan_price
3,2,CUMIURI,FOOD,0
6,3,PIMGUCIS DA VIVA ,FOOD,0
8,3,RASMUR S ,FOOD,0
53,8,PAPA SUCIS ,FOOD,0
54,8,VUZPI PAZZIS ,FOOD,0
56,8,SUPSIO ,FOOD,49
58,8,PIAMUARIS ,FOOD,49
82,8,LUCITA ,FOOD,0
83,8,PRARIZZAI ,FOOD,0
84,8,PALLO MZU GRALA,FOOD,49
85,8,PRISMAURAI ,FOOD,0
88,8,EUGUSMI ,GOOD,0
89,8,LIS URPIMIOUS ,FOOD,49
90,8,CISI DA POI EU QUASI ,FOOD,49
95,8,ARE TRAMUO ,FOOD,49
96,5,PIRMI DA SIPIR ,FOOD,0
99,8,SIRVUMU AMILAI ,FOOD,0
100,8,LUPIMUIM ,FOOD,49.9
122,4,MASUCIE,GOOD,0
141,8,RO PRISMAUS ,FOOD,0
144,8,CIRIROI U CAI ,FOOD,49.9
149,8,IUMPICA ,FOOD,0
164,8,CLUPU RULASSI ,GOOD,0
187,13,LUCITA ,FOOD,49
189,13,USPUMUI CIRAICI ,FOOD,49
191,13,AR PAZZI ,FOOD,49
228,8,PUGUM ,GOOD,0
232,16,RIARI SIARI ,FOOD,0
236,13,IUMPICA ,FOOD,0
245,18,SUPSIO ,FOOD,0
261,18,AR TRAMUO ,FOOD,49
264,8,EMUOUS,GOOD,0
274,16,IUMPICA ,FOOD,0
294,13,PAPA SUCIS ,FOOD,0
295,8,AIEMAMIMU IU PRUSEM,GOOD,29.9
311,13,RISA PUM ,GOOD,29
321,17,IUMPICA ,FOOD,0
339,17,ARE TRAMUO ,FOOD,49.9
342,13,PIARIS,GOOD,0
345,13,ZIM ME MUMEUR ,FOOD,49
356,21,SPILUMI ,FOOD,49.9
357,22,PILIOU RAS ,FOOD,0
361,22,IPUPIEMAI ,FOOD,0
365,20,CIRILAMI SILUS ,FOOD,49.9
366,20,AR TRAMUO ,FOOD,49
367,20,MIUMSAU ,FOOD,49
370,20,PAZZI ZUM ,FOOD,49
371,20,LUCITA ,FOOD,0
373,20,CRUPULICOS ,FOOD,49
377,20,RIRURPIS,GOOD,0
378,21,OURAMIES ,FOOD,49.9
383,21,ACA PRISSURAU ,FOOD,49.9
387,22,REMFRUMIS ,FOOD,49
390,17,PAZZI ZUM ,FOOD,49.9
391,20,FAIARUMUI ,FOOD,0
399,13,PIARO ,FOOD,0
406,20,GARIOLIS ,FOOD,49
409,16,RC OUMILEES ,FOOD,0
414,13,SPILUMI ,FOOD,0
415,8,IPUPIEMAI ,FOOD,
416,21,IUMPICA ,FOOD,0
417,20,IUMPICA ,FOOD,0
426,20,ZIM M MUMEUR ,FOOD,
430,21,PIR DA ILUROI ,FOOD,0
435,16,SUSM GRALA,FOOD,49.9
439,16,CILAFIRMAI CIOLA ,FOOD,49.9
446,20,SIRLE FRA ,GOOD,29
447,21,PA PISACI ,GOOD,29
453,20,IRULAU CRUPURAU ,FOOD,49
462,18,CIFUAMI ,FOOD,49
476,20,PIARI FLIRUS ,GOOD,29
482,25,GIPUMZIGUM OPASI RIUSARI CIREARA ,GOOD,49.9
490,22,MATATA ,FOOD,49.9
491,16,I CISI DA PAMPE ,GOOD,29.9
493,25,PAZZI ZUM ,FOOD,49.9
495,25,IUMPICA ,FOOD,0
496,26,IUMPICA ,FOOD,
497,13,CISI DA URPIOU ,FOOD,0
501,25,RISIRA ,FOOD,49.9
508,20,GROI USPRUSSI ,FOOD,49
515,18,GULIMURAI RE ,FOOD,49
520,26,IRIR OIS PUOUMIS ,FOOD,49.9
524,3,ILA RIERUGI ,GOOD,49.9
525,25,PUCIRAMI  ,FOOD,49.9
529,20,GULIMURAI RE ,FOOD,49
531,16,CISUMPES ,FOOD,49.9
532,13,SIRLE FRA ,GOOD,29.9
540,22,UMIG ,GOOD,49
545,3,IAMUR ,FOOD,49.9
555,20,RIGU I CIGU ,FOOD,49
563,3,MZU PLICA PAF ,FOOD,49.9
564,20,PUMGUA ,FOOD,49.9
582,16,SPILUMI ,FOOD,49.9
585,21,MUMRIFAM ,GOOD,29.9
586,26,GULIMI PIRULA ,FOOD,49.9
587,8,PIARO ,FOOD,
590,20,VUG UP ,FOOD,49
591,27,MZU SUACU LIP ,FOOD,49.9
595,27,ZIVIMUI ,GOOD,49.9
599,21,LIFM ,GOOD,
600,21,GRIME CRU ,GOOD,29.9
603,27,GRIME CRU ,GOOD,29.9
604,16,SIRVUMU AMILAI ,FOOD,49.9
605,16,MIMAMI SAMU VAMUIGU ,GOOD,49.9
606,8,MAP MIP ,GOOD,
607,27,ECILUMI MI LISI FASACIO PASCIAMO ,FOOD,49.9
616,18,CILAFIRMAI CIOLA ,FOOD,49
622,28,PASCIAMO ,FOOD,49.9
623,28,SUPSIO ,FOOD,49.9
624,28,SPILUMI ,FOOD,49.9
626,28,MUMRIFAM ,GOOD,29.9
627,27,FAM RIRGUM ,GOOD,29.9
629,8,RIARI SIARI ,FOOD,
631,28,IUMPICA ,FOOD,
632,28,IPUPIEMAI ,FOOD,
633,21,ZIVIMUI ,GOOD,49.9
640,28,GRIME CRU ,GOOD,49
641,26,MUMRIFAM ,GOOD,29.9
644,13,USARULI DA SUA,FOOD,
646,21,PASCIAMU ,FOOD,49.9
648,27,PIPRU SUIM ,FOOD,49.9
651,27,SIZMUO RICAUMS ,FOOD,49.9
652,25,MUMRIFAM ,GOOD,29.9
656,3,IPALUPAES ,FOOD,0.01
657,21,RIGAC FAM ,GOOD,29.9
658,29,IUMPICA ,FOOD,
659,29,IPUPIEMAI ,FOOD,
660,16,FIRIFI CIRAICI ,FOOD,49
661,20,RA VACAI EUSEU I AMACAI ,FOOD,49
666,25,RIZI ,FOOD,49.9
669,29,PUPALUGALA,FOOD,49.9
673,18,MIZPIZ ,FOOD,49
674,29,AR TRAMUO ,FOOD,49.9
676,31,IUMPICA ,FOOD,
678,18,MZU PIUI ,FOOD,49
679,18,ZIRIE ,FOOD,49
681,5,CISI DA POI EU QUASI ,FOOD,49.9
682,25,MISMO GRALA,FOOD,49.9
684,17,RIZIGIMO ,GOOD,29.9
685,20,CICIU SZIS ,GOOD,29.9
686,29,RIMUIMI GRALA,FOOD,49.9
687,17,LUPI ,GOOD,29.9
689,17,RIRIMI ,GOOD,29.9
690,29,EAVAMI FIGOI ,FOOD,49.9
692,29,PIULIMGURAU CIRAICI ,FOOD,49.9
693,29,EURECA ,GOOD,29
695,5,PILAS SUCIS ,FOOD,49
697,21,ZIPU ,GOOD,29.9
700,21,CZALLA PUIMS ,GOOD,29.9
701,21,SMIRPIAMU ,GOOD,29.9
702,21,EUCI SGAM ,GOOD,
706,17,AR CIM ,GOOD,29.9
707,33,IUMPICA ,FOOD,
716,33,EA CUMUI ,FOOD,49.9
728,33,GUMOUA ,FOOD,49.9
735,33,IRIR OIS PUOUMIS ,FOOD,49.9
739,16,GIPUMZIGUM ,GOOD,29
745,3,IGUAI VUMURAMIRAI ,GOOD,
747,21,IRUZZI ,GOOD,29.9
748,27,LI PISMI GAIMOI ,FOOD,49.9
753,3,PF PIR FIVIR ,FOOD,0
754,13,GIPUMZIGUM ,GOOD,
762,26,CZALLA PUIMS ,GOOD,29.9
763,26,CISI PIUEUEMI ,GOOD,49.9
767,29,PASSIMA ,FOOD,49.9
771,27,MISQUAMZI DA USQUAMI ,FOOD,49.9
773,18,OU SALVI ,FOOD,49
780,29,GARIOLIS ,FOOD,
783,22,VUZPI ,FOOD,49
785,33,ARE TRAMUO ,FOOD,49.9
786,33,LU PUMAM RICIRIMS ,GOOD,49.9
787,33,PUGOIE ,FOOD,49.9
790,33,MZU SMUIG FICMIRO ,FOOD,49.9
791,8,PULGAIM SIOLLU ,FOOD,0
792,13,CIOLAMISM ,FOOD,0
801,20,CIMUAMI PUIMISURI ,FOOD,49
802,20,PIAMUARIS CIFO ,FOOD,49
804,18,MOIRI MPECILIMU PIR ,FOOD,49
806,27,IMLAIZA,GOOD,
807,29,ZIMRPI,GOOD,
808,28,ROICIPIP,GOOD,
809,25,GARPI ,GOOD,29.9
810,22,PIULIMGURAU ,FOOD,49
811,8,CISI DA PRUSI ,GOOD,0.01
824,26,RUMOU VUREU ,GOOD,29.9
828,20,MUI SZIP ,GOOD,
832,27,RUSURVI FLIRIA,GOOD,29.9
837,33,SMIR PIAMU ,GOOD,29
840,26,SIZMUO RICAUMS ,FOOD,49.9
845,13,RUA DA RIMU ,FOOD,
847,13,GIGIRUS ,GOOD,29
850,22,CIRIRIOU CIRIROI ,FOOD,49
859,20,CIRIRIOU CIRIROI ,FOOD,49.9
864,3,RIC IME CZASU ,FOOD,0.01
869,18,PILIOU RAS ,FOOD,49
870,18,CUSMUI ,FOOD,49
875,31,RIRURIMUA ,FOOD,49.9
876,26,IVIMAR ,GOOD,29.9
877,33,IVIMAR ,GOOD,29
879,28,RISIRA ,FOOD,49.9
882,35,RUGIRIMA ,FOOD,49
883,35,GIMA ,FOOD,49
886,35,RC OUMILEES ,FOOD,
894,35,MRIMUIRAI ,FOOD,49
902,8,MRIRI LIP ,GOOD,29
903,35,PILITAMZI ,FOOD,49
904,25,CAIRIR PIPO ,GOOD,29
911,28,RCOUMILES ,FOOD,0
912,3,MURPURI OUS GURAIS ,FOOD,49
913,27,PAMACIS ,GOOD,29.9
915,25,GRIME CRU ,GOOD,29.9
918,27,USIFLUS ,GOOD,
921,29,GRIME CRU ,GOOD,29.9
923,3,GRIME CRU ,GOOD,29.9
924,29,LIFM ,GOOD,29
931,31,GUMOUA E ISIM ,FOOD,49.9
933,31,SUPSIO ,FOOD,49.9
938,27,OIGIPUARO ,FOOD,49.9
941,27,GUMOUA ,FOOD,49.9
944,35,ZIMI ZUM ,FOOD,49
945,29,LUPI ,GOOD,29.9
946,29,USIFLUS ,GOOD,29.9
947,5,USMIMOI RS ,FOOD,49
948,27,RAMZI CISMURUARI RA SIPIMUARI ,GOOD,29.9
950,33,ISIM ,FOOD,49.9
951,33,GRIMEVASAIM ,GOOD,29.9
952,26,GRIMEVASAIM ,GOOD,29.9
953,26,GRIME CRU ,GOOD,29.9
955,51,CIRIROI U CAI ,FOOD,
960,33,GRIME CRU ,GOOD,29
961,21,PIGUE PIPACO ,FOOD,49.9
964,26,GRIME CRU ZAGAUMAPILAS ,GOOD,29.9
965,17,GRIME CRU ,GOOD,29.9
966,35,CIRIROI U CAI ,FOOD,49
967,28,GRIME CRU VALI MIVI CIMCUAMOI ,GOOD,29.9
968,28,GRIME CRU AMIARO CIRUSI  ,GOOD,29.9
975,36,IEPISMI ,FOOD,49
976,36,PAZZI ROIE MIPILAPACO ,FOOD,49
977,36,PRIMZURS RUSMIURIMA U PAZZIRAI ,FOOD,49
978,55,ZUPULAR MUC ,GOOD,29.9
983,35,LUPIMUIM ,FOOD,49
984,33,GIPUMZIGUM ,GOOD,
989,36,GRIME CRU ,GOOD,29
995,31,ROGLISS ICUSSARAIS ,GOOD,29
997,33,PIEURISI MAROI ,GOOD,29
998,20,TRAZ LOURA RIRMAM ,FOOD,49
999,35,LUCITA ,FOOD,49
1000,20,PAI RUMOU ,GOOD,49
1001,26,PEUIM GAMTRAM ,FOOD,49.9
1002,20,OIGIPUARO ,FOOD,49.9
1003,29,ZIVIMUI ,GOOD,29
1006,25,PUGUM ,GOOD,29.9
1008,29,PUGUM ,GOOD,29.9
1009,20,CIPIMI PURGUR ,FOOD,49.9
1010,16,CICIU SZIS ,GOOD,49
1014,31,OUMGA ,GOOD,29
1015,31,MUMRIFAM ,GOOD,29.9
1016,36,PIPS ,FOOD,49
1018,36,ICI EU SIVEMI ,FOOD,49
1019,20,CISI PIUEUEMI ,GOOD,49
1022,29,RIRIMI ,GOOD,29
1025,21,IMUI PUGIVI ,GOOD,29
1026,22,AIEMAMIMU IU PRUSEM,GOOD,29.9
1027,33,LIFM ,GOOD,
1029,55,UVURUSM ,GOOD,29.9
1034,18,GRIME CRU ,GOOD,29.9
1037,35,IUMPICA ,FOOD,
1041,26,GIPUMZIGUM ,GOOD,49.9
1042,36,FRUEOU ,FOOD,49
1044,36,ZIVIMUI ,GOOD,29
1056,16,RIOZ ,FOOD,49
1057,36,IUMPICA ,FOOD,
1061,33,SMIMCU ,GOOD,29
1064,8,GRIME CRU ,GOOD,49
1071,25,VIRIMOU ,GOOD,29.9
1076,20,SUMIR SIMMPE ,FOOD,49
1080,18,AIEMAMIMU IU PRUSEM,GOOD,29.9
1082,35,LIEMAMIMU IU PRUSEM,GOOD,29.9
1083,27,CISI PIUEUEMI ,GOOD,29.9
1084,28,CISI PIUEUEMI ,GOOD,29.9
1091,20,SALITO ,GOOD,29.9
1092,18,SALITO ,GOOD,29
1093,36,SALITO ,GOOD,29
1095,22,SALITO ,GOOD,29
1096,8,SALITO ,GOOD,29
1097,28,SALITO ,GOOD,29.9
1098,33,SALITO ,GOOD,29
1099,29,SALITO ,GOOD,29
1101,26,SALITO ,GOOD,29.9
1103,27,SALITO ,GOOD,29
1104,13,SALITO ,GOOD,
1105,25,SALITO ,GOOD,29
1106,21,SALITO ,GOOD,29
1107,21,SR SIGIRIMI ,FOOD,49
1114,35,RIMAI EU TRAPRISCI ,FOOD,49.9
1117,21,PIPULIRAI RIGMALAI ,GOOD,29
1118,35,PRISEMCICIU ,GOOD,29
1119,28,ISIM O RIRARIRA ,FOOD,
1120,27,GIPUMZIGUM ,GOOD,29
1121,20,PRISEMCICIU ,GOOD,29
1122,27,MPECILIMUS PRISEMCICIU ,GOOD,29
1123,8,SIRSUMG ,GOOD,
1125,36,PIZ RUSMIURIMA ,FOOD,49
1127,16,CIRIROI U CAI ,FOOD,49
1128,17,ZIVIMUI ,GOOD,29.9
1141,21,CISI RUVAVI ,GOOD,29
1143,3,GRORAI RIMAI ,GOOD,49
1146,33,MZU PIEO SZIP ,GOOD,29.9
1150,26,PASCIAMU ,FOOD,49.9
1152,8,CISI DA PILIP ,FOOD,29
1153,13,RIMAI EU TRAPRISCI ,FOOD,49
1154,27,ILRU ,GOOD,29.9
1157,27,CISI OUS CACIS ,GOOD,29
1160,3,MPECILIMRIS CAOUEU PIASI ,GOOD,49
1161,31,CZALLA PUIMS ,GOOD,
1162,13,SIU SIU EUSAGM ,GOOD,29
1163,33,PA PISACI ,GOOD,29
1164,26,GAIVIMUI PIPO ,GOOD,29
1165,17,USIFLUS ,GOOD,29
1166,33,RIGAC FAM ,GOOD,29
1167,31,SIMUI LIMOI ,GOOD,29
1175,31,LUVA S ,GOOD,
1187,33,IRUZZI ,GOOD,29
1199,31,CISI RUVAVI ,GOOD,29
1204,18,GRIME CRU ,GOOD,
1205,29,ZIPU ,GOOD,29
1208,16,RUSMIURIMA RIRIOU ,FOOD,49
1210,26,RIGU I CIGU ,FOOD,49
1213,21,AMACIS CIRIA,GOOD,29.9
1214,21,CRICS ,GOOD,29
1215,17,CRICS ,GOOD,29
1218,20,PALLO MZU GRALA,FOOD,49.9
1220,33,R RIRMIM ,GOOD,29
1224,31,SSIRIVSGA ,GOOD,
1230,27,MZU PIEO SZIP ,GOOD,29
1232,33,AMUARASSARA ,GOOD,
1233,3,PIUMCU CIRPIMO ,GOOD,29
1235,33,MIARO ZALFAGUR ,GOOD,29
1236,33,VACMIR ZUGI ,GOOD,29.9
1237,33,SIRLE MUMUAS ,GOOD,29.9
1238,33,ZURAMG GAES ,GOOD,29.9
1239,33,RULASSI ,GOOD,29.9
1242,35,IMICIPRA ,GOOD,29.9
1246,31,PUGUM ,GOOD,29
1247,25,PAGAES ,GOOD,29.9
1254,31,PUMAM MAMA ,GOOD,29
1259,26,PUGUM ,GOOD,29.9
1263,33,RAMASI ,GOOD,29
1271,21,IPIQA ,GOOD,
1272,20,PAPA CILMIOUS ,GOOD,29.9
1273,35,MRICA E FAULE ,GOOD,29.9
1274,28,MZU PIEO SZIP ,GOOD,29
1276,35,USIFLUS ,GOOD,29.9
1278,35,PAPA CILMIOUS ,GOOD,29.9
1279,8,PAPA CILMIOUS ,GOOD,29.9
1280,33,RIRIMI ,GOOD,29.9
1283,27,SSIRIVSGA ,GOOD,29
1288,31,STRAMZ ,GOOD,29
1290,26,SSIRIVSGA ,GOOD,29
1292,18,SIRSUMG ,GOOD,
1293,35,SIRSUMG ,GOOD,29
1300,29,OIGAMA ,GOOD,29
1303,13,LIMI EU FAMI PASU ,GOOD,
1304,25,OIGAMA ,GOOD,29
1307,8,GIMA ,FOOD,49.9
1314,27,OIGAMA ,GOOD,29
1317,31,USPIMI PRIMI ,GOOD,49
1318,33,PRIMIUVI,GOOD,29
1321,31,PUPALU GALA,FOOD,49
1324,3,PAZZI PIRPACO ,FOOD,
1325,31,EUCI SGAM ,GOOD,29.9
1330,31,R RIRMIM ,GOOD,
1332,20,SR MIPICIRAI ,GOOD,29
1333,20,SUMSARAI ,GOOD,29
1335,8,ILUIMIRO ,GOOD,29
1338,31,OIGPUARO ,FOOD,49.9
1344,31,CAI RIRAMARI ,GOOD,
1345,29,CAI RIRAMARI ,GOOD,29
1378,33,SSIRIVSGA ,GOOD,
1381,13,ILUIMIRO ,GOOD,
1383,13,UMALACISI ,GOOD,29
1395,21,IUMZUMUAC FAM ,GOOD,
1397,21,IRM SILG ,GOOD,29
1399,3,RUSU ,FOOD,0
1401,27,SUPUR GRALA,FOOD,49.9
1404,31,GAIVIMUI PIPO ,GOOD,29.9
1406,26,SUPUR GRALA,FOOD,49.9
1409,17,PAMACIS ,GOOD,29.9
1411,29,CIRACIOU ,GOOD,29.9
1412,29,ISZUI ,GOOD,29.9
1413,20,LUVAES ,GOOD,29
1415,8,LUVAES ,GOOD,29
1416,13,LUVAES ,GOOD,29
1419,8,PLIMUMIO ,GOOD,29.9
1428,8,SILAMIS ,GOOD,
1431,20,UMACAU ,GOOD,29
1432,33,LUPI ,GOOD,
1433,33,RIOPULLAMU ,GOOD,29.9
1435,8,USIFLUS ,GOOD,29.9
1437,20,EULIRUM ,GOOD,29.9
1438,13,RIOPULLAMU ,GOOD,29.9
1442,31,AIEMAMIMU IU PRUSEM,GOOD,29.9
1454,36,RUGI SMIRU CICIU SZIS ,GOOD,29.9
1455,27,CICIU SZIS ,GOOD,29.9
1458,29,RUGI SMIRU CICIU SZIS ,GOOD,29.9
1460,29,CIARUM SMUOLUMS ,GOOD,29.9
1473,33,PILRUARIS SMIRU ,GOOD,29
1474,33,IMICIPRA ,GOOD,29
1477,13,CLUPU RULASSI ,GOOD,29
1482,36,SSIRIVSGA ,GOOD,29.9
1492,18,ZURAMG CIPICIPIMI ,GOOD,29.9
1495,18,ZURAMG CIMUMU ,GOOD,29.9
1496,18,ZURAMG RAI SUA,GOOD,29.9
1497,35,ZURAMG ,GOOD,29.9
1498,16,ZURAMG IRURACIS ,GOOD,29.9
1507,18,ZURAMG CUMURI ,GOOD,29.9
1508,8,IMACIS CIRIA,GOOD,
1512,8,VAI RAI ,GOOD,29
1515,33,AIEMAMIMU IU PRUSEM,GOOD,29.9
1519,26,IPIQA ,GOOD,29.9
1520,25,IPIQA ,GOOD,29.9
1528,20,EULARAI MRIPACIA,FOOD,49.9
1529,17,ÂRPIR PILMACI ,GOOD,
1530,36,SUPSIO ,FOOD,49
1538,33,CISI PIUEUEMI ,GOOD,49.9
1539,21,CISI PIUEUEMI ,GOOD,49.9
1551,3,PRIMGIPA,GOOD,
1556,36,PIPRU SUIM ,FOOD,49
1560,17,MUG ,GOOD,29
1568,33,EUCI SGAM ,GOOD,29
1571,27,EURECA MPECILIMUS ,GOOD,
1579,20,ILAVI ,FOOD,49
1583,13,LUVAES ,GOOD,29.9
1584,18,LUVAES ,GOOD,29
1586,8,EULARAI MRIPACIA,FOOD,49.9
1587,35,EULARAI MRIPACIA,FOOD,49.9
1589,43,R RIRMIM ,GOOD,29
1590,20,ISZUI ,GOOD,29
1591,33,PUZAMZI E CAI ,GOOD,29
1594,51,CZAMULIMACIS ,GOOD,29
1600,17,PILRAPO ,GOOD,
1601,28,MIOURIOU ,GOOD,29
1602,25,MIOURIOU ,GOOD,29
1603,29,MIOURIOU ,GOOD,
1606,36,PIARIUARI,GOOD,
1607,13,EPOSIRPI ,GOOD,29
1608,17,CZALLA PUIMS LISI ,GOOD,29
1609,43,SIRSUMG ,GOOD,
1610,42,SIRSUMG ,GOOD,
1612,44,SIRSUMG ,GOOD,
1620,27,META EASSU PURUMACU ,GOOD,29.9
1621,20,META EASSU PURUMACU ,GOOD,29.9
1622,29,META EASSU PURUMACU ,GOOD,29.9
1629,25,SIRLE MUMUAS ,GOOD,29
1630,33,PIR DA URSI ,GOOD,
1632,17,GRUGIRO ,GOOD,29
1633,44,PIRAGUAM,GOOD,
1634,8,ITAOUS ,GOOD,
1635,37,PIPCIRM GIUARUM ,FOOD,29
1636,33,PRUSUMA OUS IMSIS ,GOOD,29
1641,25,CIRACIOU ,GOOD,29.9
1642,27,CIRACIOU ,GOOD,29.9
1647,44,CIRACIOU ,GOOD,29.29
1649,44,PIRPALA ,GOOD,29.9
1661,44,PUGUM ,GOOD,29.9
1664,26,SPILUMI ,FOOD,49.9
1667,44,CLACAO SLARU ,GOOD,29
1674,27,VUSMUR ,GOOD,29
1679,17,CUMOIARAS ,GOOD,29.9
1680,43,MAP MIP ,GOOD,29.9
1681,35,ZIM ME MUMEUR ,FOOD,49.9
1685,13,CUMOIARAS ,GOOD,29
1693,17,ACULIS MRAMIM ,GOOD,29
1696,33,SUPUR GRALA,FOOD,49.9
1704,28,MIUMSAU ,FOOD,49
1705,8,CIMRIM ,GOOD,29
1721,20,CIRACIOU ,GOOD,29.9
1723,33,CIRACIOU ,GOOD,29.9
1728,33,PASCIAMU ,FOOD,49.9
1729,22,CIRACIOU ,GOOD,29.9
1730,8,CIRACIOU ,GOOD,29.9
1739,20,CIMRIM ,GOOD,29
1745,43,PUGUM ,GOOD,29.9
1748,25,SSIRIVSGA ,GOOD,29
1772,20,IMIUGA VUGIMI ,FOOD,
1784,21,EURECA ,GOOD,
1787,44,GRUGIRO ,GOOD,
1792,36,ASASS ,FOOD,49
1799,51,SARIVIGIMZI ,GOOD,29
1801,17,ZIPU ,GOOD,29.9
1804,3,RIRAI CISAMZI ,FOOD,
1814,13,I CISI DA PRUSI ,FOOD,
1816,44,RUGI CICIU SZIS ,GOOD,29.9
1820,29,PIRPALA ,GOOD,29.9
1822,27,PIRPALA ,GOOD,29
1833,8,ZUS ,GOOD,29
1835,25,PASCIAMU ,FOOD,49
1842,13,TRAPRAM POI ,FOOD,49.9
1844,51,RUGI SMIRU CICIU SZIS ,GOOD,29.9
1852,36,PILIMCUIOU ,FOOD,49
1855,16,CRICS ,GOOD,29
1867,27,CUMOIARAS ,GOOD,29
1872,26,CUMOIARAS ,GOOD,29
1873,26,CUMOIARAS QUAISQA ,GOOD,29
1874,25,CUMOIARAS ,GOOD,29
1875,25,CUMOIARAS ,GOOD,
1881,20,CUMOIARAS ,GOOD,29
1882,20,CUMOIARAS QUAISQA MO ,GOOD,29
1883,31,CIPIOURMU ,GOOD,
1888,33,ZIVIAIMIS ,GOOD,29
1899,21,VPUIUMO ,GOOD,29
1910,17,ARIGAMIRAUR ,GOOD,29
1911,13,USPIRMU FAMI SMIRU ,GOOD,29
1914,16,PIRMI DA SIPIR ,FOOD,49.9
1923,3,GUIAPUCI PURGUR ,FOOD,49.9
1924,20,VIMS ,GOOD,29
1925,17,I PIMACIRAI ,GOOD,29.9
1926,17,META EASSU PURUMACU ,GOOD,29.9
1928,44,SIZMUO RICAUMS ,FOOD,49.9
1930,20,USPUMUI CIRAICI ,FOOD,49.9
1940,31,PAMACIS ,GOOD,19.9
1964,13,LUEMIS MOIM ,GOOD,29
1967,43,RIRIMI ,GOOD,29.9
1981,13,LIFM ,GOOD,
1984,43,SUSZAIGA ,FOOD,49.9
1987,20,PIRPALA ,GOOD,29
1992,43,CZALLA PUIMS ,GOOD,29
1996,51,META EASSU PURUMACU ,GOOD,29.9
1997,18,META EASSU PURUMACU ,GOOD,29.9
1999,43,META EASSU PURUMACU ,GOOD,29.9
2002,44,META EASSU PURUMACU ,GOOD,29.9
2006,18,LUVAES ,GOOD,29
2007,26,ZIVIMUI ,GOOD,29.9
2008,8,META EASSU PURUMACU ,GOOD,29.9
2012,44,EURECA ,GOOD,29
2013,31,EURECA ,GOOD,29
2014,20,EURECA ,GOOD,29
2026,13,LU EUPAIMAR ,FOOD,49
2028,13,CZALLA PUIMS ,GOOD,29
2036,44,SUSZAIGA ,FOOD,49.9
2037,28,LUVAES ,GOOD,29
2043,31,IRUZZI ,GOOD,29.9
2047,17,LUVAS ,GOOD,29
2049,17,SIRLE MUMUAS ,GOOD,29.9
2050,33,IRUZZI ,GOOD,29.9
2052,13,AERUIR  ,GOOD,
2055,8,SIMUI LIMOI ,GOOD,29
2060,43,FIPRACI EA MPECILIMU ,FOOD,49.9
2061,42,FIPRACI EA MPECILIMU ,FOOD,49.9
2070,31,PA PISACI ,GOOD,29.9
2073,21,PIMOURI ,GOOD,29
2074,42,PUPALU RAS ,FOOD,49.9
2078,13,MIRMUVAVI,GOOD,29.9
2079,13,ARIGAMIRAUR ,GOOD,29.9
2080,8,SIRGU PASMPEOL ,GOOD,29
2097,33,CICIU SZIS ,GOOD,29
2109,21,ZIVIAIMIS ,GOOD,29
2110,27,CRAIRAGIS ,GOOD,29
2112,51,PIMRIMA ,FOOD,49.9
2118,8,ZIPU ,GOOD,29
2136,27,CAI RIRAMARI ,GOOD,29.9
2137,33,RUSURVI ,GOOD,29.9
2138,33,QUAGSALVUR ,GOOD,29
2139,33,EAVAMI FIGOI ,FOOD,49.9
2142,43,ILZI I TRAPRIS ,FOOD,49.9
2149,43,VUG U LUV ,FOOD,49.9
2150,31,IRMU UR RUMILZIS ,GOOD,29
2156,43,RO PISMUAS ,FOOD,49.9
2161,28,EAVAMI FIGOI ,FOOD,49.9
2167,25,CIPIOURMU ,GOOD,29
2168,17,IMICIPRA ,GOOD,29.9
2169,31,AMACI RAMIMA ,GOOD,
2170,37,SIZMUO RICAUMS ,FOOD,49.9
2181,13,LILI CISRUMACS ,GOOD,29
2188,44,RO PISMUAS ,FOOD,49.9
2189,42,RO PISMUAS ,FOOD,49.9
2193,21,RIOPULLAMU ,GOOD,
2198,13,AZASSARI ,GOOD,29
2211,35,IMRISFURI SPIRM MUMRAMAIM ,GOOD,29.9
2216,18,PAMACIS ,GOOD,29.9
2221,33,MUG ,GOOD,29
2229,42,MUG ,GOOD,29
2233,31,MAP MIP ,GOOD,29.9
2244,17,PUGUM ,GOOD,29.9
2249,20,EU POI MI ILRIMI ,FOOD,0
2257,42,LOI CISROMACIS ,GOOD,29
2260,44,CZALLA PUIMS ,GOOD,29
2261,43,LOI CISROMACIS ,GOOD,29
2264,33,MAP MIP ,GOOD,
2267,17,SIZ DA IMIA ,FOOD,49.9
2270,73,LIGGAPLUS,FOOD,
2274,27,LILI CISRUMACS ,GOOD,
2275,20,LILI CISRUMACS ,GOOD,29
2276,28,LILI CISRUMACS ,GOOD,29
2278,51,IPA EMUOU ,GOOD,
2292,37,AIEMAMIMU IU PRUSEM,GOOD,29
2306,13,ZIVIAIMIS ,GOOD,
2311,13,PAGAES ,GOOD,29.9
2313,36,IPALUPAES ,FOOD,49
2317,37,SIRSUMG ,GOOD,0
2326,37,CLUPU RULASSI ,GOOD,
2354,13,RIOIAMRUEUA,FOOD,49.9
2355,17,URPARAI IEUGI PULIMIS ,GOOD,29
2356,8,CAI RIRAMARI ,GOOD,29.9
2390,8,SIRLE MUMUAS ,GOOD,
2398,27,EAVAMI FIGOI ,FOOD,49.9
2400,75,CLUPU RULASSI ,GOOD,29.9
2403,42,CLUPU RULASSI ,GOOD,
2404,43,CLUPU RULASSI ,GOOD,29.9
2413,51,RE GULIMURAI ,FOOD,
2414,75,CAI DA PUERI ,GOOD,29
2425,33,CMS ,GOOD,
2429,44,PUPALU RAS MUI ,FOOD,
2432,42,MUMUO PIVIRAIM ,FOOD,29.9
2433,75,MUMUO PIVIRAIM ,FOOD,29.9
2434,75,MZU PIEO SZIP ,GOOD,
2436,75,ZURAMG GAES ,GOOD,29.9
2439,37,PAZZI ZUM ,FOOD,49.9
2447,13,CISIS PUERI ,GOOD,29.9
2451,13,SUSMAMA ,GOOD,
2459,44,EUCI SGAM ,GOOD,29
2463,75,RIRG LISUR PURSIMILAMO ,GOOD,
2465,28,CIMSMIMCU ,GOOD,
2466,37,LUVAES ,GOOD,
2468,26,AIEMAMIMU IU PRUSEM,GOOD,29.9
2471,75,SIRSUMG ,GOOD,
2479,37,IRUZZI ,GOOD,29.9
2480,27,CLUPU RULASSI ,GOOD,29
2482,31,LICISMU ,GOOD,29
2489,75,CIRACIOU ,GOOD,29.9
2500,51,CEI ,GOOD,
2505,13,IRUZZI ,GOOD,29
2518,21,EUCI SGAM QUAISQA ,GOOD,29
2529,27,EUCI SGAM ,GOOD,29
2541,51,GIMA ,FOOD,49
2542,20,EUCI SGAM ,GOOD,29
2543,20,EUCI SGAM ,GOOD,29
2545,29,EUCI SGAM ,GOOD,29
2559,51,PIARU ,FOOD,
2583,43,PRURAIMUI ,FOOD,49.9
2587,75,PEC PILIS ,FOOD,49
2595,8,USPIRMU FAMI SMIRU ,GOOD,
2604,21,GIPUMZIGUM ,GOOD,
2640,27,CZALLA PUIMS ,GOOD,29
2645,31,GRIME CRU ,GOOD,29.9
2658,75,LUI CISRUMACIS ,GOOD,29
2661,75,RALGLIMEAI ,GOOD,29
2664,75,ZIVIMUI ,GOOD,29
2700,26,MZU SUACU LIP ,FOOD,49.9
2703,75,MPECILIMUS PRISEMCICIU ,GOOD,29
2710,75,ZIVIAIMIS ,GOOD,29
2730,44,TRAF VURGO ,FOOD,49
2732,35,RO PRISMAUS ,FOOD,49
2734,51,PALLO MZU GRALA,FOOD,49.9
2749,51,PALLO PURGAR ,FOOD,49.9
2754,28,IMO IMO ,GOOD,29
2756,29,IMO IMO ,GOOD,29
2764,44,RUG ICUSSIRAIS AMFIMUAS ,GOOD,29
2785,37,GIPUMZIGUM ,GOOD,29
2800,75,LIVAM ,GOOD,29
2812,31,EAVAMI FIGOI ,FOOD,49.9
2816,27,IMO IMO ,GOOD,29.9
2836,75,RO COIGAUS ,FOOD,49
2861,44,CISI PIUEUEMI ,GOOD,29
2863,36,URPIRAI USSUMZI ,GOOD,29.9
2872,13,RALGLIMEAI ,GOOD,29.9
2888,75,CISI PIUEUEMI ,GOOD,0
2891,75,CISAMZI LIVURS ,FOOD,49
2894,42,LIVAIM ,FOOD,49.9
2904,8,OUMZIZ ,GOOD,29
2908,36,IPALUPAES ERAMGS ,FOOD,49.9
2917,17,RIOPULLAMU ,GOOD,29
2933,8,CISI PIUEUEMI ,GOOD,
2948,42,GUIRGUES ,FOOD,49.9
2954,29,MICI PULA,FOOD,0
2955,20,MICI PULA,FOOD,0
2956,18,MICI PULA,FOOD,49.9
2958,35,MICI PULA,FOOD,0
2959,33,MICI PULA,FOOD,0
2960,27,MICI PULA,FOOD,0
2962,25,MICI PULA,FOOD,0
2963,17,MICI PULA,FOOD,0
2964,8,MICI PULA,FOOD,0
2971,51,AR FAM ,FOOD,49
2980,75,SUSZAIGA ,FOOD,49.9
3000,42,PIUARUR ,GOOD,29
3001,43,RULMACIASIS ,GOOD,29.9
3008,75,FRUG FRIZUM ,FOOD,49.9
3012,43,CISI PIUEUEMI ,GOOD,29.9
3016,18,RO PRISMAUS ,FOOD,49.9
3019,29,CISI PIUEUEMI ,GOOD,29
3021,43,CISI PILIME ,GOOD,49.9
3048,35,CRUPULICOS ,FOOD,49.9
3060,29,PIGUE PIPACO ,FOOD,49.9
3062,25,CISI PIUEUEMI ,GOOD,29
3063,20,RIARIMUA,GOOD,29
3068,37,PIGUE PIPACO ,FOOD,49.9
3070,17,PIGUE PIPACO ,FOOD,49.9
3071,31,PIGUE PIPACO ,FOOD,49.9
3077,75,PIP RU ,GOOD,29.9
3091,25,PIGUE PIPACO ,FOOD,49.9
3097,26,PIGUE PIPACO ,FOOD,49.9
3105,27,PIGUE PIPACO ,FOOD,49.9
3117,8,PIPS ,FOOD,49.9
3128,20,GAMGS ,GOOD,29.9
3162,37,RULMACIASIS ,GOOD,29.9
3172,44,ZIVIMUI ,GOOD,29
3182,51,MAR ,GOOD,29
3183,8,MAR ,GOOD,29
3185,13,MAR ,GOOD,29
3218,27,RUG ICUSSIRAIS AMFIMUAS ,GOOD,39
3222,20,PIRMI DA SIPIR ,FOOD,49.9
3230,42,SUSZA OIRI ,FOOD,49
3254,28,PIMOURUA,FOOD,49
3265,37,EAVAMI FIGOI ,FOOD,49.9
3279,44,SALITO ,GOOD,29
3284,31,MZU PIEO SZIP ,GOOD,29.9
3285,25,MZU PIEO SZIP ,GOOD,29.9
3296,29,PRAGIEURAI ,FOOD,49
3322,13,USPIMI RUPRI MUGRI ,GOOD,29.9
3324,36,LIS RUS ,FOOD,49
3325,33,META EASSU PURUMACU ,GOOD,29
3365,31,RIOPULLAMU ,GOOD,29
3370,28,PUGUM ,GOOD,29
3388,43,SURIMRI ,GOOD,29
3393,20,UV LAMU ,GOOD,29
3394,8,UV LAMU ,GOOD,29
3401,43,FRUEOU ,FOOD,49.9
3402,44,FRUEOU ,FOOD,49
3403,75,FRUEOU ,FOOD,49
3404,42,FRUEOU ,FOOD,49.9
3405,27,PAMOIPIMG ,GOOD,29.9
3406,20,QUAGSALVUR ,GOOD,29.9
3412,75,RO PISMUAS ,FOOD,49.9
3418,25,IMACIS CIRIA,GOOD,29.9
3420,18,MZU PIEO SZIP ,GOOD,29.9
3422,3,EURECA ,GOOD,
3432,43,RIOPULLAMU ,GOOD,29
3433,13,GRIME CRU ,GOOD,29
3434,33,I PIMACIRAI ,GOOD,29
3450,13,GIMAMI ,FOOD,
3451,37,PUGUM ,GOOD,29
3460,75,CIRIOURI PURGAR ,FOOD,29
3468,75,RIVUMOI MRIMUIRAI ,FOOD,49
3490,25,IMO IMO ,GOOD,29
3491,31,IMO IMO ,GOOD,29
3492,17,IMO IMO ,GOOD,29
3493,33,IMO IMO ,GOOD,29
3497,26,IMO IMO ,GOOD,29
3498,37,IMO IMO ,GOOD,29
3500,13,MIA ,FOOD,29
3509,51,GASSA ,FOOD,49.9
3510,13,PAIRUMOU ,GOOD,29.9
3512,75,GOI SIPIMUSU ,FOOD,49
3528,51,ZIM M MUMEUR ,FOOD,49.9
3530,43,PRIMI U IRMU ,GOOD,29
3535,25,CZALLA PUIMS ,GOOD,29
3541,44,SUGIR PIGURO ,FOOD,49
3546,37,RIUSSUCIGU ,FOOD,49
3553,13,ILUMGI PRISMAUS ,GOOD,29
3588,35,IRUZZI ,GOOD,49
3595,43,IASZPILITA ,FOOD,49.9
3609,42,ZIZULO ,GOOD,29
3612,36,IMIA CIMCUPM ,FOOD,29
3615,33,GAIVIMUI PIPO ,GOOD,29
3625,13,CIPRU ,FOOD,49
3627,13,O GARI! ,FOOD,49
3631,8,GIPUMZIGUM ,GOOD,29
3639,21,SUCOI LIMTRAS ,FOOD,49
3641,13,MRUS GIROUS ,FOOD,49
3644,75,ASOI ,FOOD,29
3646,43,ZIZULO ,GOOD,29
3648,8,PAMACIS ,GOOD,29.9
3688,21,SIFASMAQA ,GOOD,29
3694,51,VALLUES CIOLA E CIGU CIE ,FOOD,
3711,44,RIRAI IMIA ,FOOD,49
3712,75,RIRAI IMIA ,FOOD,49
3721,27,PUPALUGALA,FOOD,49.9
3723,17,CZALLA PUIMS QSQ ,GOOD,29
3728,13,MU PURGAR ,FOOD,
3752,86,PRIGRIR ,GOOD,29
3766,21,MRIRI LIP ,GOOD,29
3767,86,PIARUGGAI ,FOOD,49
3770,51,OUR ZOLAI ,FOOD,49
3778,33,PAZZI ZUM ,FOOD,49.9
3780,75,SIZMUO RICAUMS ,FOOD,49.9
3804,37,TRAPRAM POI ,FOOD,49
3808,75,SPICU CISU ,GOOD,
3821,35,PIRMI DA SIPIR ,FOOD,49
3822,37,SITAO OUCUS ,FOOD,49
3832,21,GIOUG ,GOOD,29.9
3835,91,MUG ,GOOD,29
3847,86,IRIR OIS PUOUMIS ,FOOD,49
3862,27,SIRSUMG ,GOOD,0
3884,20,IRUZZI ,GOOD,29
3902,26,CIRIRIOU CIRIROI ,FOOD,49.9
3916,75,PIPS ,FOOD,0
3919,43,SALVAI OURAMG ,GOOD,29
3920,25,PUPALUGALA,FOOD,49
3930,16,PALLO MZU GRALA,FOOD,49.9
3935,75,MRAIRAEMA ,FOOD,49
3936,85,MIUMSAU ,FOOD,49
3937,44,MRAIRAEMA ,FOOD,49
3938,44,SFAZI GRALA,FOOD,49
3943,44,GARIOLIS ,FOOD,49
3961,20,OULU! RUSACIMI ,FOOD,49.9
3965,28,PAZZI ZUM ,FOOD,49.9
3966,85,PAZZI ZUM ,FOOD,49.9
3968,85,POILA ,FOOD,49
3973,85,GRIME CRU ,GOOD,29.9
3984,85,VAOU SIUOUVUA,FOOD,49
3986,85,VUGIM LIVURS ,FOOD,49
3987,85,POI ILARUMUIMOI ,FOOD,49
3995,85,USIFLUS ,GOOD,29
3996,85,PASCIAMU ,FOOD,49
4002,43,IMIA VAMOI RISI ,FOOD,49
4003,85,EA POILI ,FOOD,49
4009,33,CILVAM GLUAM ,GOOD,29.9
4012,13,CICI PIRPU ,FOOD,0
4015,37,GARIOLIS ,FOOD,49
4016,85,FACZAPS ,FOOD,49
4022,18,RALGLIMEAI ,FOOD,49
4023,8,RALGLIMEAI ,FOOD,49
4025,37,RIARIZAMI ,FOOD,49.9
4026,25,RIARIZAMI ,FOOD,49.9
4058,85,MICI PULA,FOOD,49
4064,85,I CRUPURAI ,FOOD,49
4072,44,SUCOI LIMTRAS ,FOOD,49
4097,51,SMITAUR SMUIGZIUSU ,FOOD,49
4105,8,SZIPUAMG MASUCI ,GOOD,
4109,17,SZIPUAMG RUMRI SIMUI CRUZ ,GOOD,
4110,31,SZIPUAMG SIREAR SUA,GOOD,
4121,21,PIEO FIR SURU ,GOOD,29
4132,43,RIMI CURVUSUARI ,FOOD,49
4139,86,MIAOIMG ,FOOD,49
4142,18,CIRIROI U CAI ,FOOD,49.9
4151,85,OIGPUARO ,FOOD,49.9
4153,44,PIP CIRM GIUARUM ,FOOD,49
4157,51,IARIZOR FAM ,GOOD,49
4159,29,OIGPUARO ,FOOD,49.9
4161,26,ZIPU ,GOOD,29
4164,26,IMUAS ,GOOD,29
4165,26,IMICIPRA ,GOOD,29
4167,26,STRAMZ ,GOOD,29
4170,26,ZIAGIA ,GOOD,29
4171,26,MRICA E FAULE ,GOOD,29.9
4181,26,ZIVIAIMIS ,GOOD,29
4184,26,LUPI ,GOOD,29
4195,26,IRUZZI ,GOOD,29
4199,26,I PIMACIRAI ,GOOD,29
4200,8,OIGIPUARRO ,FOOD,49
4201,85,ZIVIMUI ,GOOD,49
4202,26,RAZIPAO ,GOOD,29
4203,22,IRULAU CRUPURAU ,FOOD,49
4204,22,SIZI FOIE ERAMGS ,FOOD,49
4206,85,USPUMI RIMAI ,FOOD,49
4207,16,ARE PIMUAUR ,FOOD,49
4208,26,MAP MIP ,GOOD,29
4210,33,RCOUMILES ,FOOD,
4211,29,RCOUMILES ,FOOD,
4213,17,RCOUMILES ,FOOD,
4214,44,RCOUMILES ,FOOD,
4243,85,IMO IMO ,GOOD,29
4245,33,ZAMZIMU ,GOOD,29
4255,85,URPIRAI VAGMIRIZZA ,GOOD,49
4262,85,CIPIOURMU ,GOOD,29
4264,85,SALITO ,GOOD,29.9
4266,75,SALITO ,GOOD,29.9
4271,17,RAMA GILZIMU ,FOOD,49
4272,75,ILACU SILIZIR ,GOOD,29
4292,75,P PAZZI ,FOOD,49
4296,85,MZU PIEO SZIP ,GOOD,29
4299,21,ZISARIS ,GOOD,29.9
4300,33,SIM RIRZIMI ,FOOD,49.9
4302,42,IMIA VAMOI RISI ,FOOD,49
4305,20,RCOUMILES ,FOOD,0
4314,25,RCOUMILES ,FOOD,
4315,27,RCOUMILES ,FOOD,0
4316,43,RCOUMILES ,FOOD,0
4317,85,PIRPALA ,GOOD,29
4320,21,CAI RIRAMARI ,GOOD,29
4328,27,LUPI ,GOOD,29
4329,55,MUSPUO SMIRU ,GOOD,1
4334,44,SILSI GRALA,FOOD,
4335,20,PASCIAMU ,FOOD,49
4336,26,MAR ,GOOD,29
4344,31,CIRACIOU ,GOOD,1
4347,36,CIRACIOU ,GOOD,1
4348,28,CIRACIOU ,GOOD,1
4352,35,CIRACIOU ,GOOD,1
4354,33,RUA DA RIMU ,FOOD,49.9
4355,13,CIRACIOU ,GOOD,1
4373,86,MICI PULA,FOOD,49
4386,28,SALITO ,GOOD,29.9
4388,29,RIOPULLAMU ,GOOD,29.9
4389,85,RUMAR ,GOOD,1
4396,85,LAZ ,GOOD,29
4398,37,ILACU SILIZIR ,GOOD,29
4402,51,PIMUCI DA RIMILI ,FOOD,49
4403,13,GIPUMZIGUM QSQ  ,GOOD,29
4434,35,GIPUMZIGUM ,GOOD,49
4439,75,IMI MURUZI ,GOOD,49
4440,75,CICIU SZIS ,GOOD,49
4441,35,RIRASIA,GOOD,29
4442,35,CIMSMIMCU ,GOOD,29
4443,75,GIPUMZIGUM ,GOOD,49
4447,35,LU PISMATRA ,GOOD,
4448,35,ZIPU ,GOOD,29
4449,35,CUMOIARAS ,GOOD,29
4451,13,CZALLA PUIMS ,GOOD,49.9
4452,43,GIPUMZIGUM ,GOOD,49
4453,42,GIPUMZIGUM ,GOOD,49
4459,13,GAESMIG ,GOOD,29
4462,37,RIRIMI ,GOOD,29
4467,37,MAP MIP ,GOOD,29.9
4483,85,SIGO ,GOOD,29
4484,35,VAI RAI ,GOOD,29
4488,36,RIARI RAI ,FOOD,49
4489,29,LALACI E MAGIR ,GOOD,
4491,13,MIRMU SZIPUAMG ,GOOD,
4498,85,ARIGAMIRAUR ,GOOD,49
4510,33,OIGPUARO ,FOOD,
4512,20,CIRIROI U CAI ,FOOD,49.9
4524,35,RALIM ,GOOD,29
4531,37,IRMURAZI SIAIS ,GOOD,49
4553,85,CIARUM SMUOLUMS ,GOOD,
4556,37,RIMAI EU TRAPRISCI ,FOOD,49
4558,86,MIAF ,GOOD,49
4559,85,MIAF ,GOOD,49
4564,25,ZIVIMUI ,GOOD,49
4567,85,PUGUM ,GOOD,49
4568,85,SAEUSILG ,GOOD,49
4572,85,RIRO RIUGU ,GOOD,49
4585,85,IRUZZI ,GOOD,49
4587,85,PIPUARIGAI ,GOOD,49
4596,44,LUAZI PIRCULIS ,GOOD,29
4605,85,USPIMI PRIMI ,GOOD,49
4611,36,SUSZAIGA ,FOOD,49
4624,27,RUMAR ,GOOD,0
4625,8,RUMAR ,GOOD,0
4637,16,AR TRAMUO ,FOOD,
4645,44,AIEMAMIMU UM PRIVUMCU ,GOOD,29.9
4648,86,ILAPIARUGAIMI ,FOOD,49.9
4650,25,CICI PIRPU ,FOOD,0
4660,85,CIRUMOI ,GOOD,49.9
4664,29,CIRUMOI ,GOOD,49
4669,21,CIRUMOI ,GOOD,29
4671,25,CIRUMOI ,GOOD,49.9
4675,13,SIMUI LIMOI ,GOOD,29
4676,75,PAMACIS ,GOOD,49.9
4679,85,PIGUE PIPACO ,FOOD,49.9
